intake_year,intake_month,intake_month_name,Animal Type,Intake Type,count
2013,10,October,Cat,Euthanasia Request,3
2013,10,October,Cat,Owner Surrender,130
2013,10,October,Cat,Public Assist,4
2013,10,October,Cat,Stray,436
2013,10,October,Dog,Euthanasia Request,9
2013,10,October,Dog,Owner Surrender,219
2013,10,October,Dog,Public Assist,80
2013,10,October,Dog,Stray,870
2013,11,November,Cat,Euthanasia Request,8
2013,11,November,Cat,Owner Surrender,121
2013,11,November,Cat,Public Assist,19
2013,11,November,Cat,Stray,341
2013,11,November,Dog,Euthanasia Request,1
2013,11,November,Dog,Owner Surrender,195
2013,11,November,Dog,Public Assist,59
2013,11,November,Dog,Stray,788
2013,12,December,Cat,Euthanasia Request,4
2013,12,December,Cat,Owner Surrender,114
2013,12,December,Cat,Public Assist,20
2013,12,December,Cat,Stray,230
2013,12,December,Dog,Euthanasia Request,9
2013,12,December,Dog,Owner Surrender,236
2013,12,December,Dog,Public Assist,104
2013,12,December,Dog,Stray,708
2014,1,January,Cat,Euthanasia Request,3
2014,1,January,Cat,Owner Surrender,140
2014,1,January,Cat,Public Assist,15
2014,1,January,Cat,Stray,242
2014,1,January,Dog,Euthanasia Request,6
2014,1,January,Dog,Owner Surrender,230
2014,1,January,Dog,Public Assist,100
2014,1,January,Dog,Stray,800
2014,2,February,Cat,Owner Surrender,102
2014,2,February,Cat,Public Assist,7
2014,2,February,Cat,Stray,197
2014,2,February,Dog,Euthanasia Request,6
2014,2,February,Dog,Owner Surrender,248
2014,2,February,Dog,Public Assist,132
2014,2,February,Dog,Stray,684
2014,3,March,Cat,Owner Surrender,118
2014,3,March,Cat,Public Assist,12
2014,3,March,Cat,Stray,252
2014,3,March,Dog,Euthanasia Request,6
2014,3,March,Dog,Owner Surrender,226
2014,3,March,Dog,Public Assist,107
2014,3,March,Dog,Stray,798
2014,4,April,Cat,Euthanasia Request,1
2014,4,April,Cat,Owner Surrender,109
2014,4,April,Cat,Public Assist,7
2014,4,April,Cat,Stray,486
2014,4,April,Dog,Euthanasia Request,4
2014,4,April,Dog,Owner Surrender,207
2014,4,April,Dog,Public Assist,117
2014,4,April,Dog,Stray,790
2014,5,May,Cat,Euthanasia Request,2
2014,5,May,Cat,Owner Surrender,153
2014,5,May,Cat,Public Assist,6
2014,5,May,Cat,Stray,795
2014,5,May,Dog,Euthanasia Request,3
2014,5,May,Dog,Owner Surrender,212
2014,5,May,Dog,Public Assist,156
2014,5,May,Dog,Stray,881
2014,6,June,Cat,Euthanasia Request,4
2014,6,June,Cat,Owner Surrender,152
2014,6,June,Cat,Public Assist,19
2014,6,June,Cat,Stray,701
2014,6,June,Dog,Euthanasia Request,5
2014,6,June,Dog,Owner Surrender,255
2014,6,June,Dog,Public Assist,104
2014,6,June,Dog,Stray,796
2014,7,July,Cat,Euthanasia Request,3
2014,7,July,Cat,Owner Surrender,123
2014,7,July,Cat,Public Assist,86
2014,7,July,Cat,Stray,735
2014,7,July,Dog,Euthanasia Request,8
2014,7,July,Dog,Owner Surrender,240
2014,7,July,Dog,Public Assist,128
2014,7,July,Dog,Stray,853
2014,8,August,Cat,Euthanasia Request,1
2014,8,August,Cat,Owner Surrender,164
2014,8,August,Cat,Public Assist,9
2014,8,August,Cat,Stray,557
2014,8,August,Dog,Euthanasia Request,7
2014,8,August,Dog,Owner Surrender,259
2014,8,August,Dog,Public Assist,95
2014,8,August,Dog,Stray,812
2014,9,September,Cat,Euthanasia Request,4
2014,9,September,Cat,Owner Surrender,131
2014,9,September,Cat,Public Assist,14
2014,9,September,Cat,Stray,612
2014,9,September,Dog,Euthanasia Request,6
2014,9,September,Dog,Owner Surrender,314
2014,9,September,Dog,Public Assist,99
2014,9,September,Dog,Stray,855
2014,10,October,Cat,Euthanasia Request,3
2014,10,October,Cat,Owner Surrender,155
2014,10,October,Cat,Public Assist,16
2014,10,October,Cat,Stray,488
2014,10,October,Dog,Euthanasia Request,14
2014,10,October,Dog,Owner Surrender,237
2014,10,October,Dog,Public Assist,122
2014,10,October,Dog,Stray,816
2014,11,November,Cat,Euthanasia Request,3
2014,11,November,Cat,Owner Surrender,112
2014,11,November,Cat,Public Assist,6
2014,11,November,Cat,Stray,407
2014,11,November,Dog,Euthanasia Request,9
2014,11,November,Dog,Owner Surrender,233
2014,11,November,Dog,Public Assist,89
2014,11,November,Dog,Stray,866
2014,12,December,Cat,Owner Surrender,100
2014,12,December,Cat,Public Assist,6
2014,12,December,Cat,Stray,275
2014,12,December,Dog,Euthanasia Request,12
2014,12,December,Dog,Owner Surrender,295
2014,12,December,Dog,Public Assist,107
2014,12,December,Dog,Stray,850
2015,1,January,Cat,Owner Surrender,76
2015,1,January,Cat,Public Assist,7
2015,1,January,Cat,Stray,248
2015,1,January,Dog,Euthanasia Request,5
2015,1,January,Dog,Owner Surrender,300
2015,1,January,Dog,Public Assist,73
2015,1,January,Dog,Stray,846
2015,2,February,Cat,Owner Surrender,92
2015,2,February,Cat,Public Assist,7
2015,2,February,Cat,Stray,212
2015,2,February,Dog,Euthanasia Request,10
2015,2,February,Dog,Owner Surrender,274
2015,2,February,Dog,Public Assist,93
2015,2,February,Dog,Stray,771
2015,3,March,Cat,Euthanasia Request,3
2015,3,March,Cat,Owner Surrender,87
2015,3,March,Cat,Public Assist,25
2015,3,March,Cat,Stray,279
2015,3,March,Dog,Euthanasia Request,5
2015,3,March,Dog,Owner Surrender,231
2015,3,March,Dog,Public Assist,123
2015,3,March,Dog,Stray,816
2015,4,April,Cat,Euthanasia Request,2
2015,4,April,Cat,Owner Surrender,98
2015,4,April,Cat,Public Assist,14
2015,4,April,Cat,Stray,464
2015,4,April,Dog,Euthanasia Request,7
2015,4,April,Dog,Owner Surrender,339
2015,4,April,Dog,Public Assist,144
2015,4,April,Dog,Stray,805
2015,5,May,Cat,Euthanasia Request,1
2015,5,May,Cat,Owner Surrender,123
2015,5,May,Cat,Public Assist,19
2015,5,May,Cat,Stray,923
2015,5,May,Dog,Euthanasia Request,1
2015,5,May,Dog,Owner Surrender,254
2015,5,May,Dog,Public Assist,132
2015,5,May,Dog,Stray,1098
2015,6,June,Cat,Euthanasia Request,1
2015,6,June,Cat,Owner Surrender,144
2015,6,June,Cat,Public Assist,29
2015,6,June,Cat,Stray,1004
2015,6,June,Dog,Euthanasia Request,5
2015,6,June,Dog,Owner Surrender,269
2015,6,June,Dog,Public Assist,166
2015,6,June,Dog,Stray,1025
2015,7,July,Cat,Euthanasia Request,1
2015,7,July,Cat,Owner Surrender,143
2015,7,July,Cat,Public Assist,13
2015,7,July,Cat,Stray,688
2015,7,July,Dog,Euthanasia Request,11
2015,7,July,Dog,Owner Surrender,198
2015,7,July,Dog,Public Assist,166
2015,7,July,Dog,Stray,801
2015,8,August,Cat,Euthanasia Request,3
2015,8,August,Cat,Owner Surrender,172
2015,8,August,Cat,Public Assist,20
2015,8,August,Cat,Stray,701
2015,8,August,Dog,Euthanasia Request,8
2015,8,August,Dog,Owner Surrender,229
2015,8,August,Dog,Public Assist,110
2015,8,August,Dog,Stray,811
2015,9,September,Cat,Owner Surrender,174
2015,9,September,Cat,Public Assist,3
2015,9,September,Cat,Stray,653
2015,9,September,Dog,Euthanasia Request,2
2015,9,September,Dog,Owner Surrender,280
2015,9,September,Dog,Public Assist,92
2015,9,September,Dog,Stray,745
2015,10,October,Cat,Euthanasia Request,3
2015,10,October,Cat,Owner Surrender,208
2015,10,October,Cat,Public Assist,13
2015,10,October,Cat,Stray,625
2015,10,October,Dog,Euthanasia Request,6
2015,10,October,Dog,Owner Surrender,242
2015,10,October,Dog,Public Assist,150
2015,10,October,Dog,Stray,843
2015,11,November,Cat,Euthanasia Request,2
2015,11,November,Cat,Owner Surrender,149
2015,11,November,Cat,Public Assist,5
2015,11,November,Cat,Stray,404
2015,11,November,Dog,Euthanasia Request,2
2015,11,November,Dog,Owner Surrender,212
2015,11,November,Dog,Public Assist,99
2015,11,November,Dog,Stray,981
2015,12,December,Cat,Euthanasia Request,2
2015,12,December,Cat,Owner Surrender,98
2015,12,December,Cat,Public Assist,12
2015,12,December,Cat,Stray,267
2015,12,December,Dog,Euthanasia Request,7
2015,12,December,Dog,Owner Surrender,210
2015,12,December,Dog,Public Assist,130
2015,12,December,Dog,Stray,852
2016,1,January,Cat,Owner Surrender,142
2016,1,January,Cat,Public Assist,9
2016,1,January,Cat,Stray,202
2016,1,January,Dog,Euthanasia Request,6
2016,1,January,Dog,Owner Surrender,229
2016,1,January,Dog,Public Assist,125
2016,1,January,Dog,Stray,907
2016,2,February,Cat,Euthanasia Request,3
2016,2,February,Cat,Owner Surrender,117
2016,2,February,Cat,Public Assist,11
2016,2,February,Cat,Stray,192
2016,2,February,Dog,Euthanasia Request,1
2016,2,February,Dog,Owner Surrender,323
2016,2,February,Dog,Public Assist,118
2016,2,February,Dog,Stray,768
2016,3,March,Cat,Owner Surrender,136
2016,3,March,Cat,Public Assist,5
2016,3,March,Cat,Stray,246
2016,3,March,Dog,Euthanasia Request,2
2016,3,March,Dog,Owner Surrender,351
2016,3,March,Dog,Public Assist,175
2016,3,March,Dog,Stray,833
2016,4,April,Cat,Owner Surrender,131
2016,4,April,Cat,Public Assist,10
2016,4,April,Cat,Stray,577
2016,4,April,Dog,Euthanasia Request,2
2016,4,April,Dog,Owner Surrender,281
2016,4,April,Dog,Public Assist,116
2016,4,April,Dog,Stray,836
2016,5,May,Cat,Euthanasia Request,2
2016,5,May,Cat,Owner Surrender,156
2016,5,May,Cat,Public Assist,13
2016,5,May,Cat,Stray,814
2016,5,May,Dog,Euthanasia Request,2
2016,5,May,Dog,Owner Surrender,289
2016,5,May,Dog,Public Assist,140
2016,5,May,Dog,Stray,1076
2016,6,June,Cat,Owner Surrender,153
2016,6,June,Cat,Public Assist,24
2016,6,June,Cat,Stray,599
2016,6,June,Dog,Owner Surrender,281
2016,6,June,Dog,Public Assist,115
2016,6,June,Dog,Stray,809
2016,7,July,Cat,Euthanasia Request,1
2016,7,July,Cat,Owner Surrender,140
2016,7,July,Cat,Public Assist,12
2016,7,July,Cat,Stray,498
2016,7,July,Dog,Owner Surrender,239
2016,7,July,Dog,Public Assist,96
2016,7,July,Dog,Stray,880
2016,8,August,Cat,Owner Surrender,179
2016,8,August,Cat,Public Assist,66
2016,8,August,Cat,Stray,601
2016,8,August,Dog,Owner Surrender,256
2016,8,August,Dog,Public Assist,123
2016,8,August,Dog,Stray,832
2016,9,September,Cat,Owner Surrender,206
2016,9,September,Cat,Public Assist,18
2016,9,September,Cat,Stray,490
2016,9,September,Dog,Euthanasia Request,2
2016,9,September,Dog,Owner Surrender,304
2016,9,September,Dog,Public Assist,133
2016,9,September,Dog,Stray,844
2016,10,October,Cat,Owner Surrender,141
2016,10,October,Cat,Public Assist,10
2016,10,October,Cat,Stray,467
2016,10,October,Dog,Owner Surrender,275
2016,10,October,Dog,Public Assist,157
2016,10,October,Dog,Stray,725
2016,11,November,Cat,Owner Surrender,109
2016,11,November,Cat,Public Assist,7
2016,11,November,Cat,Stray,403
2016,11,November,Dog,Owner Surrender,239
2016,11,November,Dog,Public Assist,143
2016,11,November,Dog,Stray,933
2016,12,December,Cat,Euthanasia Request,1
2016,12,December,Cat,Owner Surrender,94
2016,12,December,Cat,Public Assist,15
2016,12,December,Cat,Stray,358
2016,12,December,Dog,Euthanasia Request,2
2016,12,December,Dog,Owner Surrender,273
2016,12,December,Dog,Public Assist,170
2016,12,December,Dog,Stray,848
2017,1,January,Cat,Owner Surrender,154
2017,1,January,Cat,Public Assist,3
2017,1,January,Cat,Stray,247
2017,1,January,Dog,Owner Surrender,315
2017,1,January,Dog,Public Assist,143
2017,1,January,Dog,Stray,913
2017,2,February,Cat,Owner Surrender,102
2017,2,February,Cat,Public Assist,3
2017,2,February,Cat,Stray,209
2017,2,February,Dog,Euthanasia Request,3
2017,2,February,Dog,Owner Surrender,437
2017,2,February,Dog,Public Assist,164
2017,2,February,Dog,Stray,760
2017,3,March,Cat,Owner Surrender,116
2017,3,March,Cat,Public Assist,8
2017,3,March,Cat,Stray,294
2017,3,March,Dog,Owner Surrender,295
2017,3,March,Dog,Public Assist,147
2017,3,March,Dog,Stray,845
2017,4,April,Cat,Owner Surrender,138
2017,4,April,Cat,Public Assist,23
2017,4,April,Cat,Stray,478
2017,4,April,Dog,Owner Surrender,335
2017,4,April,Dog,Public Assist,101
2017,4,April,Dog,Stray,803
2017,5,May,Cat,Owner Surrender,183
2017,5,May,Cat,Public Assist,10
2017,5,May,Cat,Stray,811
2017,5,May,Dog,Euthanasia Request,2
2017,5,May,Dog,Owner Surrender,393
2017,5,May,Dog,Public Assist,118
2017,5,May,Dog,Stray,872
2017,6,June,Cat,Owner Surrender,175
2017,6,June,Cat,Public Assist,14
2017,6,June,Cat,Stray,812
2017,6,June,Dog,Owner Surrender,292
2017,6,June,Dog,Public Assist,126
2017,6,June,Dog,Stray,802
2017,7,July,Cat,Euthanasia Request,2
2017,7,July,Cat,Owner Surrender,124
2017,7,July,Cat,Public Assist,12
2017,7,July,Cat,Stray,610
2017,7,July,Dog,Owner Surrender,264
2017,7,July,Dog,Public Assist,107
2017,7,July,Dog,Stray,866
2017,8,August,Cat,Owner Surrender,140
2017,8,August,Cat,Public Assist,11
2017,8,August,Cat,Stray,475
2017,8,August,Dog,Owner Surrender,306
2017,8,August,Dog,Public Assist,154
2017,8,August,Dog,Stray,770
2017,9,September,Cat,Owner Surrender,206
2017,9,September,Cat,Public Assist,27
2017,9,September,Cat,Stray,513
2017,9,September,Dog,Owner Surrender,298
2017,9,September,Dog,Public Assist,383
2017,9,September,Dog,Stray,740
2017,10,October,Cat,Euthanasia Request,1
2017,10,October,Cat,Owner Surrender,129
2017,10,October,Cat,Public Assist,6
2017,10,October,Cat,Stray,448
2017,10,October,Dog,Euthanasia Request,1
2017,10,October,Dog,Owner Surrender,257
2017,10,October,Dog,Public Assist,141
2017,10,October,Dog,Stray,884
2017,11,November,Cat,Owner Surrender,135
2017,11,November,Cat,Public Assist,17
2017,11,November,Cat,Stray,339
2017,11,November,Dog,Owner Surrender,248
2017,11,November,Dog,Public Assist,114
2017,11,November,Dog,Stray,816
2017,12,December,Cat,Owner Surrender,152
2017,12,December,Cat,Public Assist,15
2017,12,December,Cat,Stray,234
2017,12,December,Dog,Owner Surrender,334
2017,12,December,Dog,Public Assist,124
2017,12,December,Dog,Stray,762
2018,1,January,Cat,Owner Surrender,98
2018,1,January,Cat,Public Assist,13
2018,1,January,Cat,Stray,199
2018,1,January,Dog,Owner Surrender,338
2018,1,January,Dog,Public Assist,121
2018,1,January,Dog,Stray,867
2018,2,February,Cat,Owner Surrender,93
2018,2,February,Cat,Public Assist,2
2018,2,February,Cat,Stray,199
2018,2,February,Dog,Owner Surrender,289
2018,2,February,Dog,Public Assist,134
2018,2,February,Dog,Stray,796
2018,3,March,Cat,Owner Surrender,145
2018,3,March,Cat,Public Assist,12
2018,3,March,Cat,Stray,228
2018,3,March,Dog,Owner Surrender,380
2018,3,March,Dog,Public Assist,149
2018,3,March,Dog,Stray,910
2018,4,April,Cat,Owner Surrender,103
2018,4,April,Cat,Public Assist,11
2018,4,April,Cat,Stray,398
2018,4,April,Dog,Owner Surrender,351
2018,4,April,Dog,Public Assist,184
2018,4,April,Dog,Stray,820
2018,5,May,Cat,Owner Surrender,128
2018,5,May,Cat,Public Assist,20
2018,5,May,Cat,Stray,770
2018,5,May,Dog,Owner Surrender,353
2018,5,May,Dog,Public Assist,149
2018,5,May,Dog,Stray,764
2018,6,June,Cat,Owner Surrender,158
2018,6,June,Cat,Public Assist,14
2018,6,June,Cat,Stray,759
2018,6,June,Dog,Owner Surrender,353
2018,6,June,Dog,Public Assist,100
2018,6,June,Dog,Stray,797
2018,7,July,Cat,Owner Surrender,153
2018,7,July,Cat,Public Assist,24
2018,7,July,Cat,Stray,628
2018,7,July,Dog,Owner Surrender,300
2018,7,July,Dog,Public Assist,155
2018,7,July,Dog,Stray,831
2018,8,August,Cat,Owner Surrender,100
2018,8,August,Cat,Public Assist,11
2018,8,August,Cat,Stray,455
2018,8,August,Dog,Owner Surrender,350
2018,8,August,Dog,Public Assist,194
2018,8,August,Dog,Stray,762
2018,9,September,Cat,Owner Surrender,125
2018,9,September,Cat,Public Assist,25
2018,9,September,Cat,Stray,523
2018,9,September,Dog,Owner Surrender,371
2018,9,September,Dog,Public Assist,194
2018,9,September,Dog,Stray,926
2018,10,October,Cat,Owner Surrender,121
2018,10,October,Cat,Public Assist,12
2018,10,October,Cat,Stray,475
2018,10,October,Dog,Owner Surrender,336
2018,10,October,Dog,Public Assist,121
2018,10,October,Dog,Stray,961
2018,11,November,Cat,Owner Surrender,86
2018,11,November,Cat,Public Assist,16
2018,11,November,Cat,Stray,346
2018,11,November,Dog,Owner Surrender,238
2018,11,November,Dog,Public Assist,153
2018,11,November,Dog,Stray,881
2018,12,December,Cat,Owner Surrender,86
2018,12,December,Cat,Public Assist,9
2018,12,December,Cat,Stray,225
2018,12,December,Dog,Owner Surrender,346
2018,12,December,Dog,Public Assist,154
2018,12,December,Dog,Stray,811
2019,1,January,Cat,Owner Surrender,173
2019,1,January,Cat,Public Assist,25
2019,1,January,Cat,Stray,196
2019,1,January,Dog,Owner Surrender,374
2019,1,January,Dog,Public Assist,102
2019,1,January,Dog,Stray,870
2019,2,February,Cat,Owner Surrender,110
2019,2,February,Cat,Public Assist,24
2019,2,February,Cat,Stray,227
2019,2,February,Dog,Owner Surrender,346
2019,2,February,Dog,Public Assist,175
2019,2,February,Dog,Stray,763
2019,3,March,Cat,Owner Surrender,106
2019,3,March,Cat,Public Assist,27
2019,3,March,Cat,Stray,328
2019,3,March,Dog,Owner Surrender,405
2019,3,March,Dog,Public Assist,175
2019,3,March,Dog,Stray,926
2019,4,April,Cat,Owner Surrender,137
2019,4,April,Cat,Public Assist,14
2019,4,April,Cat,Stray,523
2019,4,April,Dog,Owner Surrender,370
2019,4,April,Dog,Public Assist,136
2019,4,April,Dog,Stray,867
2019,5,May,Cat,Owner Surrender,151
2019,5,May,Cat,Public Assist,16
2019,5,May,Cat,Stray,1018
2019,5,May,Dog,Owner Surrender,341
2019,5,May,Dog,Public Assist,149
2019,5,May,Dog,Stray,964
2019,6,June,Cat,Owner Surrender,173
2019,6,June,Cat,Public Assist,16
2019,6,June,Cat,Stray,878
2019,6,June,Dog,Owner Surrender,383
2019,6,June,Dog,Public Assist,111
2019,6,June,Dog,Stray,931
2019,7,July,Cat,Owner Surrender,184
2019,7,July,Cat,Public Assist,5
2019,7,July,Cat,Stray,765
2019,7,July,Dog,Owner Surrender,384
2019,7,July,Dog,Public Assist,201
2019,7,July,Dog,Stray,874
2019,8,August,Cat,Owner Surrender,209
2019,8,August,Cat,Public Assist,11
2019,8,August,Cat,Stray,694
2019,8,August,Dog,Owner Surrender,345
2019,8,August,Dog,Public Assist,156
2019,8,August,Dog,Stray,895
2019,9,September,Cat,Owner Surrender,251
2019,9,September,Cat,Public Assist,8
2019,9,September,Cat,Stray,675
2019,9,September,Dog,Owner Surrender,416
2019,9,September,Dog,Public Assist,122
2019,9,September,Dog,Stray,811
2019,10,October,Cat,Owner Surrender,264
2019,10,October,Cat,Public Assist,9
2019,10,October,Cat,Stray,529
2019,10,October,Dog,Owner Surrender,391
2019,10,October,Dog,Public Assist,123
2019,10,October,Dog,Stray,822
2019,11,November,Cat,Owner Surrender,149
2019,11,November,Cat,Public Assist,6
2019,11,November,Cat,Stray,427
2019,11,November,Dog,Owner Surrender,340
2019,11,November,Dog,Public Assist,57
2019,11,November,Dog,Stray,880
2019,12,December,Cat,Owner Surrender,153
2019,12,December,Cat,Public Assist,5
2019,12,December,Cat,Stray,231
2019,12,December,Dog,Owner Surrender,344
2019,12,December,Dog,Public Assist,64
2019,12,December,Dog,Stray,812
2020,1,January,Cat,Abandoned,7
2020,1,January,Cat,Owner Surrender,145
2020,1,January,Cat,Public Assist,23
2020,1,January,Cat,Stray,179
2020,1,January,Dog,Abandoned,12
2020,1,January,Dog,Owner Surrender,382
2020,1,January,Dog,Public Assist,71
2020,1,January,Dog,Stray,759
2020,2,February,Cat,Abandoned,9
2020,2,February,Cat,Owner Surrender,124
2020,2,February,Cat,Public Assist,16
2020,2,February,Cat,Stray,175
2020,2,February,Dog,Abandoned,20
2020,2,February,Dog,Owner Surrender,323
2020,2,February,Dog,Public Assist,72
2020,2,February,Dog,Stray,682
2020,3,March,Cat,Abandoned,16
2020,3,March,Cat,Owner Surrender,76
2020,3,March,Cat,Public Assist,14
2020,3,March,Cat,Stray,129
2020,3,March,Dog,Abandoned,26
2020,3,March,Dog,Owner Surrender,211
2020,3,March,Dog,Public Assist,95
2020,3,March,Dog,Stray,435
2020,4,April,Cat,Abandoned,5
2020,4,April,Cat,Owner Surrender,4
2020,4,April,Cat,Public Assist,9
2020,4,April,Cat,Stray,70
2020,4,April,Dog,Abandoned,17
2020,4,April,Dog,Owner Surrender,64
2020,4,April,Dog,Public Assist,59
2020,4,April,Dog,Stray,117
2020,5,May,Cat,Abandoned,2
2020,5,May,Cat,Owner Surrender,21
2020,5,May,Cat,Public Assist,17
2020,5,May,Cat,Stray,181
2020,5,May,Dog,Abandoned,14
2020,5,May,Dog,Owner Surrender,93
2020,5,May,Dog,Public Assist,50
2020,5,May,Dog,Stray,188
2020,6,June,Cat,Abandoned,10
2020,6,June,Cat,Owner Surrender,106
2020,6,June,Cat,Public Assist,7
2020,6,June,Cat,Stray,315
2020,6,June,Dog,Abandoned,25
2020,6,June,Dog,Owner Surrender,183
2020,6,June,Dog,Public Assist,66
2020,6,June,Dog,Stray,273
2020,7,July,Cat,Abandoned,7
2020,7,July,Cat,Owner Surrender,83
2020,7,July,Cat,Public Assist,12
2020,7,July,Cat,Stray,330
2020,7,July,Dog,Abandoned,4
2020,7,July,Dog,Owner Surrender,136
2020,7,July,Dog,Public Assist,35
2020,7,July,Dog,Stray,286
2020,8,August,Cat,Abandoned,15
2020,8,August,Cat,Owner Surrender,93
2020,8,August,Cat,Public Assist,12
2020,8,August,Cat,Stray,295
2020,8,August,Dog,Abandoned,10
2020,8,August,Dog,Owner Surrender,177
2020,8,August,Dog,Public Assist,48
2020,8,August,Dog,Stray,275
2020,9,September,Cat,Abandoned,7
2020,9,September,Cat,Owner Surrender,127
2020,9,September,Cat,Public Assist,8
2020,9,September,Cat,Stray,312
2020,9,September,Dog,Abandoned,8
2020,9,September,Dog,Owner Surrender,145
2020,9,September,Dog,Public Assist,117
2020,9,September,Dog,Stray,331
2020,10,October,Cat,Abandoned,24
2020,10,October,Cat,Owner Surrender,109
2020,10,October,Cat,Stray,275
2020,10,October,Dog,Abandoned,12
2020,10,October,Dog,Owner Surrender,220
2020,10,October,Dog,Public Assist,62
2020,10,October,Dog,Stray,327
2020,11,November,Cat,Abandoned,2
2020,11,November,Cat,Owner Surrender,80
2020,11,November,Cat,Public Assist,3
2020,11,November,Cat,Stray,134
2020,11,November,Dog,Abandoned,15
2020,11,November,Dog,Owner Surrender,191
2020,11,November,Dog,Public Assist,46
2020,11,November,Dog,Stray,325
2020,12,December,Cat,Abandoned,3
2020,12,December,Cat,Owner Surrender,71
2020,12,December,Cat,Public Assist,10
2020,12,December,Cat,Stray,116
2020,12,December,Dog,Abandoned,12
2020,12,December,Dog,Owner Surrender,196
2020,12,December,Dog,Public Assist,55
2020,12,December,Dog,Stray,320
2021,1,January,Cat,Owner Surrender,41
2021,1,January,Cat,Public Assist,10
2021,1,January,Cat,Stray,118
2021,1,January,Dog,Abandoned,10
2021,1,January,Dog,Owner Surrender,136
2021,1,January,Dog,Public Assist,76
2021,1,January,Dog,Stray,329
2021,2,February,Cat,Abandoned,4
2021,2,February,Cat,Owner Surrender,32
2021,2,February,Cat,Public Assist,5
2021,2,February,Cat,Stray,69
2021,2,February,Dog,Abandoned,13
2021,2,February,Dog,Owner Surrender,115
2021,2,February,Dog,Public Assist,67
2021,2,February,Dog,Stray,195
2021,3,March,Cat,Abandoned,9
2021,3,March,Cat,Owner Surrender,68
2021,3,March,Cat,Public Assist,5
2021,3,March,Cat,Stray,153
2021,3,March,Dog,Abandoned,8
2021,3,March,Dog,Owner Surrender,246
2021,3,March,Dog,Public Assist,62
2021,3,March,Dog,Stray,303
2021,4,April,Cat,Abandoned,57
2021,4,April,Cat,Owner Surrender,70
2021,4,April,Cat,Public Assist,12
2021,4,April,Cat,Stray,270
2021,4,April,Dog,Abandoned,18
2021,4,April,Dog,Owner Surrender,197
2021,4,April,Dog,Public Assist,66
2021,4,April,Dog,Stray,345
2021,5,May,Cat,Abandoned,23
2021,5,May,Cat,Owner Surrender,111
2021,5,May,Cat,Public Assist,24
2021,5,May,Cat,Stray,428
2021,5,May,Dog,Abandoned,9
2021,5,May,Dog,Owner Surrender,216
2021,5,May,Dog,Public Assist,80
2021,5,May,Dog,Stray,396
2021,6,June,Cat,Abandoned,29
2021,6,June,Cat,Owner Surrender,126
2021,6,June,Cat,Public Assist,14
2021,6,June,Cat,Stray,546
2021,6,June,Dog,Abandoned,18
2021,6,June,Dog,Owner Surrender,310
2021,6,June,Dog,Public Assist,85
2021,6,June,Dog,Stray,463
2021,7,July,Cat,Abandoned,16
2021,7,July,Cat,Owner Surrender,211
2021,7,July,Cat,Public Assist,12
2021,7,July,Cat,Stray,480
2021,7,July,Dog,Abandoned,7
2021,7,July,Dog,Owner Surrender,346
2021,7,July,Dog,Public Assist,53
2021,7,July,Dog,Stray,552
2021,8,August,Cat,Abandoned,40
2021,8,August,Cat,Owner Surrender,153
2021,8,August,Cat,Public Assist,9
2021,8,August,Cat,Stray,422
2021,8,August,Dog,Abandoned,21
2021,8,August,Dog,Owner Surrender,342
2021,8,August,Dog,Public Assist,47
2021,8,August,Dog,Stray,430
2021,9,September,Cat,Abandoned,13
2021,9,September,Cat,Owner Surrender,187
2021,9,September,Cat,Public Assist,4
2021,9,September,Cat,Stray,384
2021,9,September,Dog,Abandoned,19
2021,9,September,Dog,Owner Surrender,339
2021,9,September,Dog,Public Assist,56
2021,9,September,Dog,Stray,442
2021,10,October,Cat,Abandoned,25
2021,10,October,Cat,Owner Surrender,210
2021,10,October,Cat,Public Assist,7
2021,10,October,Cat,Stray,447
2021,10,October,Dog,Abandoned,23
2021,10,October,Dog,Euthanasia Request,1
2021,10,October,Dog,Owner Surrender,279
2021,10,October,Dog,Public Assist,46
2021,10,October,Dog,Stray,462
2021,10,October,Dog,Wildlife,1
2021,11,November,Cat,Abandoned,20
2021,11,November,Cat,Owner Surrender,153
2021,11,November,Cat,Public Assist,8
2021,11,November,Cat,Stray,292
2021,11,November,Dog,Abandoned,21
2021,11,November,Dog,Owner Surrender,325
2021,11,November,Dog,Public Assist,59
2021,11,November,Dog,Stray,388
2021,12,December,Cat,Abandoned,6
2021,12,December,Cat,Euthanasia Request,1
2021,12,December,Cat,Owner Surrender,174
2021,12,December,Cat,Public Assist,5
2021,12,December,Cat,Stray,174
2021,12,December,Dog,Abandoned,13
2021,12,December,Dog,Owner Surrender,298
2021,12,December,Dog,Public Assist,65
2021,12,December,Dog,Stray,502
2022,1,January,Cat,Abandoned,9
2022,1,January,Cat,Owner Surrender,121
2022,1,January,Cat,Public Assist,25
2022,1,January,Cat,Stray,155
2022,1,January,Dog,Abandoned,21
2022,1,January,Dog,Owner Surrender,277
2022,1,January,Dog,Public Assist,69
2022,1,January,Dog,Stray,481
2022,2,February,Cat,Owner Surrender,75
2022,2,February,Cat,Public Assist,11
2022,2,February,Cat,Stray,122
2022,2,February,Dog,Abandoned,14
2022,2,February,Dog,Owner Surrender,191
2022,2,February,Dog,Public Assist,68
2022,2,February,Dog,Stray,389
2022,3,March,Cat,Abandoned,15
2022,3,March,Cat,Owner Surrender,101
2022,3,March,Cat,Public Assist,1
2022,3,March,Cat,Stray,179
2022,3,March,Dog,Abandoned,20
2022,3,March,Dog,Owner Surrender,238
2022,3,March,Dog,Public Assist,77
2022,3,March,Dog,Stray,415
2022,4,April,Cat,Abandoned,10
2022,4,April,Cat,Owner Surrender,90
2022,4,April,Cat,Public Assist,13
2022,4,April,Cat,Stray,342
2022,4,April,Dog,Abandoned,22
2022,4,April,Dog,Owner Surrender,194
2022,4,April,Dog,Public Assist,106
2022,4,April,Dog,Stray,435
2022,5,May,Cat,Abandoned,16
2022,5,May,Cat,Owner Surrender,143
2022,5,May,Cat,Public Assist,16
2022,5,May,Cat,Stray,613
2022,5,May,Dog,Abandoned,22
2022,5,May,Dog,Owner Surrender,185
2022,5,May,Dog,Public Assist,104
2022,5,May,Dog,Stray,457
2022,6,June,Cat,Abandoned,15
2022,6,June,Cat,Owner Surrender,192
2022,6,June,Cat,Public Assist,9
2022,6,June,Cat,Stray,425
2022,6,June,Dog,Abandoned,27
2022,6,June,Dog,Owner Surrender,190
2022,6,June,Dog,Public Assist,69
2022,6,June,Dog,Stray,456
2022,7,July,Cat,Abandoned,9
2022,7,July,Cat,Owner Surrender,123
2022,7,July,Cat,Public Assist,10
2022,7,July,Cat,Stray,354
2022,7,July,Dog,Abandoned,20
2022,7,July,Dog,Owner Surrender,257
2022,7,July,Dog,Public Assist,118
2022,7,July,Dog,Stray,477
2022,8,August,Cat,Abandoned,3
2022,8,August,Cat,Owner Surrender,173
2022,8,August,Cat,Public Assist,8
2022,8,August,Cat,Stray,343
2022,8,August,Dog,Abandoned,22
2022,8,August,Dog,Owner Surrender,222
2022,8,August,Dog,Public Assist,63
2022,8,August,Dog,Stray,501
2022,9,September,Cat,Abandoned,7
2022,9,September,Cat,Owner Surrender,95
2022,9,September,Cat,Public Assist,11
2022,9,September,Cat,Stray,228
2022,9,September,Dog,Abandoned,17
2022,9,September,Dog,Owner Surrender,159
2022,9,September,Dog,Public Assist,31
2022,9,September,Dog,Stray,316
2022,10,October,Cat,Abandoned,8
2022,10,October,Cat,Owner Surrender,70
2022,10,October,Cat,Public Assist,11
2022,10,October,Cat,Stray,277
2022,10,October,Dog,Abandoned,6
2022,10,October,Dog,Owner Surrender,181
2022,10,October,Dog,Public Assist,78
2022,10,October,Dog,Stray,401
2022,11,November,Cat,Abandoned,9
2022,11,November,Cat,Owner Surrender,79
2022,11,November,Cat,Public Assist,18
2022,11,November,Cat,Stray,245
2022,11,November,Dog,Abandoned,42
2022,11,November,Dog,Owner Surrender,193
2022,11,November,Dog,Public Assist,41
2022,11,November,Dog,Stray,316
2022,12,December,Cat,Abandoned,6
2022,12,December,Cat,Owner Surrender,115
2022,12,December,Cat,Public Assist,8
2022,12,December,Cat,Stray,208
2022,12,December,Dog,Abandoned,30
2022,12,December,Dog,Owner Surrender,143
2022,12,December,Dog,Public Assist,55
2022,12,December,Dog,Stray,336
2023,1,January,Cat,Abandoned,4
2023,1,January,Cat,Owner Surrender,135
2023,1,January,Cat,Public Assist,8
2023,1,January,Cat,Stray,215
2023,1,January,Dog,Abandoned,33
2023,1,January,Dog,Owner Surrender,173
2023,1,January,Dog,Public Assist,41
2023,1,January,Dog,Stray,372
2023,2,February,Cat,Abandoned,6
2023,2,February,Cat,Owner Surrender,62
2023,2,February,Cat,Public Assist,9
2023,2,February,Cat,Stray,185
2023,2,February,Dog,Abandoned,41
2023,2,February,Dog,Owner Surrender,160
2023,2,February,Dog,Public Assist,44
2023,2,February,Dog,Stray,353
2023,3,March,Cat,Abandoned,13
2023,3,March,Cat,Owner Surrender,59
2023,3,March,Cat,Public Assist,2
2023,3,March,Cat,Stray,313
2023,3,March,Dog,Abandoned,22
2023,3,March,Dog,Owner Surrender,205
2023,3,March,Dog,Public Assist,68
2023,3,March,Dog,Stray,402
2023,4,April,Cat,Abandoned,13
2023,4,April,Cat,Owner Surrender,105
2023,4,April,Cat,Public Assist,4
2023,4,April,Cat,Stray,447
2023,4,April,Dog,Abandoned,33
2023,4,April,Dog,Owner Surrender,179
2023,4,April,Dog,Public Assist,50
2023,4,April,Dog,Stray,359
2023,5,May,Cat,Abandoned,22
2023,5,May,Cat,Owner Surrender,144
2023,5,May,Cat,Public Assist,7
2023,5,May,Cat,Stray,700
2023,5,May,Dog,Abandoned,30
2023,5,May,Dog,Owner Surrender,216
2023,5,May,Dog,Public Assist,91
2023,5,May,Dog,Stray,328
2023,6,June,Cat,Abandoned,24
2023,6,June,Cat,Owner Surrender,73
2023,6,June,Cat,Public Assist,4
2023,6,June,Cat,Stray,494
2023,6,June,Dog,Abandoned,27
2023,6,June,Dog,Owner Surrender,131
2023,6,June,Dog,Public Assist,63
2023,6,June,Dog,Stray,326
2023,7,July,Cat,Abandoned,23
2023,7,July,Cat,Owner Surrender,72
2023,7,July,Cat,Public Assist,9
2023,7,July,Cat,Stray,403
2023,7,July,Dog,Abandoned,29
2023,7,July,Dog,Owner Surrender,138
2023,7,July,Dog,Public Assist,57
2023,7,July,Dog,Stray,209
2023,8,August,Cat,Abandoned,6
2023,8,August,Cat,Owner Surrender,59
2023,8,August,Cat,Public Assist,7
2023,8,August,Cat,Stray,547
2023,8,August,Dog,Abandoned,21
2023,8,August,Dog,Owner Surrender,118
2023,8,August,Dog,Public Assist,68
2023,8,August,Dog,Stray,234
2023,9,September,Cat,Abandoned,15
2023,9,September,Cat,Owner Surrender,130
2023,9,September,Cat,Public Assist,9
2023,9,September,Cat,Stray,443
2023,9,September,Dog,Abandoned,26
2023,9,September,Dog,Owner Surrender,146
2023,9,September,Dog,Public Assist,41
2023,9,September,Dog,Stray,237
2023,10,October,Cat,Abandoned,17
2023,10,October,Cat,Owner Surrender,66
2023,10,October,Cat,Public Assist,9
2023,10,October,Cat,Stray,469
2023,10,October,Dog,Abandoned,28
2023,10,October,Dog,Owner Surrender,126
2023,10,October,Dog,Public Assist,67
2023,10,October,Dog,Stray,305
2023,11,November,Cat,Abandoned,7
2023,11,November,Cat,Euthanasia Request,1
2023,11,November,Cat,Owner Surrender,56
2023,11,November,Cat,Public Assist,47
2023,11,November,Cat,Stray,263
2023,11,November,Dog,Abandoned,36
2023,11,November,Dog,Owner Surrender,133
2023,11,November,Dog,Public Assist,38
2023,11,November,Dog,Stray,290
2023,12,December,Cat,Abandoned,14
2023,12,December,Cat,Owner Surrender,79
2023,12,December,Cat,Public Assist,4
2023,12,December,Cat,Stray,187
2023,12,December,Dog,Abandoned,25
2023,12,December,Dog,Owner Surrender,139
2023,12,December,Dog,Public Assist,72
2023,12,December,Dog,Stray,273
2024,1,January,Cat,Abandoned,10
2024,1,January,Cat,Owner Surrender,124
2024,1,January,Cat,Public Assist,12
2024,1,January,Cat,Stray,206
2024,1,January,Dog,Abandoned,28
2024,1,January,Dog,Owner Surrender,175
2024,1,January,Dog,Public Assist,55
2024,1,January,Dog,Stray,293
2024,2,February,Cat,Abandoned,9
2024,2,February,Cat,Owner Surrender,74
2024,2,February,Cat,Public Assist,6
2024,2,February,Cat,Stray,287
2024,2,February,Dog,Abandoned,24
2024,2,February,Dog,Owner Surrender,223
2024,2,February,Dog,Public Assist,46
2024,2,February,Dog,Stray,341
2024,3,March,Cat,Abandoned,14
2024,3,March,Cat,Owner Surrender,68
2024,3,March,Cat,Stray,307
2024,3,March,Dog,Abandoned,26
2024,3,March,Dog,Owner Surrender,173
2024,3,March,Dog,Public Assist,66
2024,3,March,Dog,Stray,389
2024,4,April,Cat,Abandoned,13
2024,4,April,Cat,Owner Surrender,108
2024,4,April,Cat,Public Assist,6
2024,4,April,Cat,Stray,538
2024,4,April,Dog,Abandoned,25
2024,4,April,Dog,Owner Surrender,159
2024,4,April,Dog,Public Assist,53
2024,4,April,Dog,Stray,415
2024,5,May,Cat,Abandoned,33
2024,5,May,Cat,Owner Surrender,106
2024,5,May,Cat,Public Assist,5
2024,5,May,Cat,Stray,793
2024,5,May,Dog,Abandoned,18
2024,5,May,Dog,Owner Surrender,179
2024,5,May,Dog,Public Assist,66
2024,5,May,Dog,Stray,382
2024,6,June,Cat,Abandoned,16
2024,6,June,Cat,Owner Surrender,78
2024,6,June,Cat,Public Assist,3
2024,6,June,Cat,Stray,529
2024,6,June,Dog,Abandoned,42
2024,6,June,Dog,Owner Surrender,144
2024,6,June,Dog,Public Assist,61
2024,6,June,Dog,Stray,315
2024,7,July,Cat,Abandoned,17
2024,7,July,Cat,Owner Surrender,72
2024,7,July,Cat,Public Assist,8
2024,7,July,Cat,Stray,439
2024,7,July,Dog,Abandoned,36
2024,7,July,Dog,Owner Surrender,161
2024,7,July,Dog,Public Assist,67
2024,7,July,Dog,Stray,230
2024,8,August,Cat,Abandoned,5
2024,8,August,Cat,Owner Surrender,114
2024,8,August,Cat,Public Assist,4
2024,8,August,Cat,Stray,413
2024,8,August,Dog,Abandoned,24
2024,8,August,Dog,Owner Surrender,101
2024,8,August,Dog,Public Assist,74
2024,8,August,Dog,Stray,256
2024,9,September,Cat,Abandoned,10
2024,9,September,Cat,Owner Surrender,90
2024,9,September,Cat,Public Assist,21
2024,9,September,Cat,Stray,481
2024,9,September,Dog,Abandoned,24
2024,9,September,Dog,Owner Surrender,128
2024,9,September,Dog,Public Assist,85
2024,9,September,Dog,Stray,269
2024,10,October,Cat,Abandoned,2
2024,10,October,Cat,Owner Surrender,82
2024,10,October,Cat,Public Assist,25
2024,10,October,Cat,Stray,511
2024,10,October,Dog,Abandoned,23
2024,10,October,Dog,Owner Surrender,117
2024,10,October,Dog,Public Assist,93
2024,10,October,Dog,Stray,292
2024,11,November,Cat,Abandoned,6
2024,11,November,Cat,Owner Surrender,87
2024,11,November,Cat,Public Assist,2
2024,11,November,Cat,Stray,328
2024,11,November,Dog,Abandoned,18
2024,11,November,Dog,Owner Surrender,105
2024,11,November,Dog,Public Assist,50
2024,11,November,Dog,Stray,240
2024,12,December,Cat,Abandoned,11
2024,12,December,Cat,Owner Surrender,70
2024,12,December,Cat,Public Assist,12
2024,12,December,Cat,Stray,294
2024,12,December,Dog,Abandoned,17
2024,12,December,Dog,Owner Surrender,141
2024,12,December,Dog,Public Assist,65
2024,12,December,Dog,Stray,307
2025,1,January,Cat,Abandoned,4
2025,1,January,Cat,Owner Surrender,103
2025,1,January,Cat,Public Assist,6
2025,1,January,Cat,Stray,261
2025,1,January,Dog,Abandoned,18
2025,1,January,Dog,Owner Surrender,123
2025,1,January,Dog,Public Assist,75
2025,1,January,Dog,Stray,355
2025,2,February,Cat,Abandoned,17
2025,2,February,Cat,Owner Surrender,68
2025,2,February,Cat,Public Assist,3
2025,2,February,Cat,Stray,266
2025,2,February,Dog,Abandoned,25
2025,2,February,Dog,Owner Surrender,164
2025,2,February,Dog,Public Assist,78
2025,2,February,Dog,Stray,303
2025,3,March,Cat,Abandoned,9
2025,3,March,Cat,Owner Surrender,105
2025,3,March,Cat,Public Assist,1
2025,3,March,Cat,Stray,326
2025,3,March,Dog,Abandoned,9
2025,3,March,Dog,Owner Surrender,152
2025,3,March,Dog,Public Assist,81
2025,3,March,Dog,Stray,290
2025,4,April,Cat,Owner Surrender,93
2025,4,April,Cat,Public Assist,10
2025,4,April,Cat,Stray,441
2025,4,April,Dog,Abandoned,31
2025,4,April,Dog,Owner Surrender,98
2025,4,April,Dog,Public Assist,61
2025,4,April,Dog,Stray,239
2025,5,May,Cat,Abandoned,1
2025,5,May,Cat,Owner Surrender,10
2025,5,May,Cat,Stray,56
2025,5,May,Dog,Abandoned,3
2025,5,May,Dog,Owner Surrender,21
2025,5,May,Dog,Public Assist,7
2025,5,May,Dog,Stray,28
